{
  "project_info": {
    "project_number": "148101856730",
    "firebase_url": "https://airsharing2-e9348.firebaseio.com",
    "project_id": "airsharing2-e9348",
    "storage_bucket": "airsharing2-e9348.appspot.com"
  },
  "client": [
    {
      "client_info": {
        "mobilesdk_app_id": "1:148101856730:android:36b06657c01257c6",
        "android_client_info": {
          "package_name": "com.example.user.airsharing"
        }
      },
      "oauth_client": [
        {
          "client_id": "148101856730-qu33946s314fltotkajc3suphgfqo5gs.apps.googleusercontent.com",
          "client_type": 3
        }
      ],
      "api_key": [
        {
          "current_key": "AIzaSyB44HjsW5En8G-ED6ZqGpyPKW86rLQFhw8"
        }
      ],
      "services": {
        "analytics_service": {
          "status": 1
        },
        "appinvite_service": {
          "status": 1,
          "other_platform_oauth_client": []
        },
        "ads_service": {
          "status": 2
        }
      }
    }
  ],
  "configuration_version": "1"
}